1;2;SISTEMA MONITORAMENTO DE SENSORES;01/01/2012;01/01/2012;true;A
2;3;CONTROLADOR DE CATRACAS;01/01/2012;01/01/2012;false;A
3;2;GERENCIADOR DE CHAMADOS;01/01/2012;01/01/2012;false;B
4;1;SISTEMA OPERACIONAL;01/01/2012;01/01/2012;true;B
5;4;CONTROLADOR DE RAMAIS;01/01/2012;01/01/2012;false;C
6;2;SISTEMA MONITORAMENTO DE SENSORES;01/01/2012;01/01/2012;true;A
7;3;CONTROLADOR DE CATRACAS;01/01/2012;01/01/2012;false;A
8;2;GERENCIADOR DE CHAMADOS;01/01/2012;01/01/2012;false;B
9;1;SISTEMA OPERACIONAL;01/01/2012;01/01/2012;true;B
10;4;CONTROLADOR DE RAMAIS;01/01/2012;01/01/2012;false;C
11;2;SISTEMA MONITORAMENTO DE SENSORES;01/01/2012;01/01/2012;true;A
12;3;CONTROLADOR DE CATRACAS;01/01/2012;01/01/2012;false;A
13;2;GERENCIADOR DE CHAMADOS;01/01/2012;01/01/2012;false;B
14;1;SISTEMA OPERACIONAL;01/01/2012;01/01/2012;true;B
15;4;CONTROLADOR DE RAMAIS;01/01/2012;01/01/2012;false;C
16;2;SISTEMA MONITORAMENTO DE SENSORES;01/01/2012;01/01/2012;true;A
17;3;CONTROLADOR DE CATRACAS;01/01/2012;01/01/2012;false;A
18;2;GERENCIADOR DE CHAMADOS;01/01/2012;01/01/2012;false;B
19;1;SISTEMA OPERACIONAL;01/01/2012;01/01/2012;true;B
20;4;CONTROLADOR DE RAMAIS;01/01/2012;01/01/2012;false;C
21;2;SISTEMA MONITORAMENTO DE SENSORES;01/01/2012;01/01/2012;true;A
22;3;CONTROLADOR DE CATRACAS;01/01/2012;01/01/2012;false;A
23;2;GERENCIADOR DE CHAMADOS;01/01/2012;01/01/2012;false;B
24;1;SISTEMA OPERACIONAL;01/01/2012;01/01/2012;true;B
25;4;CONTROLADOR DE RAMAIS;01/01/2012;01/01/2012;false;C
26;2;SISTEMA MONITORAMENTO DE SENSORES;01/01/2012;01/01/2012;true;A
27;3;CONTROLADOR DE CATRACAS;01/01/2012;01/01/2012;false;A
28;2;GERENCIADOR DE CHAMADOS;01/01/2012;01/01/2012;false;B
29;1;SISTEMA OPERACIONAL;01/01/2012;01/01/2012;true;B
30;4;CONTROLADOR DE RAMAIS;01/01/2012;01/01/2012;false;C
31;2;SISTEMA MONITORAMENTO DE SENSORES;01/01/2012;01/01/2012;true;A
32;3;CONTROLADOR DE CATRACAS;01/01/2012;01/01/2012;false;A
33;2;GERENCIADOR DE CHAMADOS;01/01/2012;01/01/2012;false;B
34;1;SISTEMA OPERACIONAL;01/01/2012;01/01/2012;true;B
35;4;CONTROLADOR DE RAMAIS;01/01/2012;01/01/2012;false;C
36;2;SISTEMA MONITORAMENTO DE SENSORES;01/01/2012;01/01/2012;true;A
37;3;CONTROLADOR DE CATRACAS;01/01/2012;01/01/2012;false;A
38;2;GERENCIADOR DE CHAMADOS;01/01/2012;01/01/2012;false;B
39;1;SISTEMA OPERACIONAL;01/01/2012;01/01/2012;true;B
40;4;CONTROLADOR DE RAMAIS;01/01/2012;01/01/2012;false;C
41;2;SISTEMA MONITORAMENTO DE SENSORES;01/01/2012;01/01/2012;true;A
42;3;CONTROLADOR DE CATRACAS;01/01/2012;01/01/2012;false;A
43;2;GERENCIADOR DE CHAMADOS;01/01/2012;01/01/2012;false;B
44;1;SISTEMA OPERACIONAL;01/01/2012;01/01/2012;true;B
45;4;CONTROLADOR DE RAMAIS;01/01/2012;01/01/2012;false;C
46;2;SISTEMA MONITORAMENTO DE SENSORES;01/01/2012;01/01/2012;true;A
47;3;CONTROLADOR DE CATRACAS;01/01/2012;01/01/2012;false;A
48;2;GERENCIADOR DE CHAMADOS;01/01/2012;01/01/2012;false;B
49;1;SISTEMA OPERACIONAL;01/01/2012;01/01/2012;true;B
50;4;CONTROLADOR DE RAMAIS;01/01/2012;01/01/2012;false;C
51;2;SISTEMA MONITORAMENTO DE SENSORES;01/01/2012;01/01/2012;true;A
52;3;CONTROLADOR DE CATRACAS;01/01/2012;01/01/2012;false;A
53;2;GERENCIADOR DE CHAMADOS;01/01/2012;01/01/2012;false;B
54;1;SISTEMA OPERACIONAL;01/01/2012;01/01/2012;true;B
55;4;CONTROLADOR DE RAMAIS;01/01/2012;01/01/2012;false;C
56;2;SISTEMA MONITORAMENTO DE SENSORES;01/01/2012;01/01/2012;true;A
57;3;CONTROLADOR DE CATRACAS;01/01/2012;01/01/2012;false;A
58;2;GERENCIADOR DE CHAMADOS;01/01/2012;01/01/2012;false;B
59;1;SISTEMA OPERACIONAL;01/01/2012;01/01/2012;true;B
60;4;CONTROLADOR DE RAMAIS;01/01/2012;01/01/2012;false;C
61;2;SISTEMA MONITORAMENTO DE SENSORES;01/01/2012;01/01/2012;true;A
62;3;CONTROLADOR DE CATRACAS;01/01/2012;01/01/2012;false;A
63;2;GERENCIADOR DE CHAMADOS;01/01/2012;01/01/2012;false;B
64;1;SISTEMA OPERACIONAL;01/01/2012;01/01/2012;true;B
65;4;CONTROLADOR DE RAMAIS;01/01/2012;01/01/2012;false;C
66;2;SISTEMA MONITORAMENTO DE SENSORES;01/01/2012;01/01/2012;true;A
67;3;CONTROLADOR DE CATRACAS;01/01/2012;01/01/2012;false;A
68;2;GERENCIADOR DE CHAMADOS;01/01/2012;01/01/2012;false;B
69;1;SISTEMA OPERACIONAL;01/01/2012;01/01/2012;true;B
70;4;CONTROLADOR DE RAMAIS;01/01/2012;01/01/2012;false;C
71;2;SISTEMA MONITORAMENTO DE SENSORES;01/01/2012;01/01/2012;true;A
72;3;CONTROLADOR DE CATRACAS;01/01/2012;01/01/2012;false;A
73;2;GERENCIADOR DE CHAMADOS;01/01/2012;01/01/2012;false;B
74;1;SISTEMA OPERACIONAL;01/01/2012;01/01/2012;true;B
75;4;CONTROLADOR DE RAMAIS;01/01/2012;01/01/2012;false;C
76;2;SISTEMA MONITORAMENTO DE SENSORES;01/01/2012;01/01/2012;true;A
77;3;CONTROLADOR DE CATRACAS;01/01/2012;01/01/2012;false;A
78;2;GERENCIADOR DE CHAMADOS;01/01/2012;01/01/2012;false;B
79;1;SISTEMA OPERACIONAL;01/01/2012;01/01/2012;true;B
80;4;CONTROLADOR DE RAMAIS;01/01/2012;01/01/2012;false;C
81;2;SISTEMA MONITORAMENTO DE SENSORES;01/01/2012;01/01/2012;true;A
82;3;CONTROLADOR DE CATRACAS;01/01/2012;01/01/2012;false;A
83;2;GERENCIADOR DE CHAMADOS;01/01/2012;01/01/2012;false;B
84;1;SISTEMA OPERACIONAL;01/01/2012;01/01/2012;true;B
85;4;CONTROLADOR DE RAMAIS;01/01/2012;01/01/2012;false;C
86;2;SISTEMA MONITORAMENTO DE SENSORES;01/01/2012;01/01/2012;true;A
87;3;CONTROLADOR DE CATRACAS;01/01/2012;01/01/2012;false;A
88;2;GERENCIADOR DE CHAMADOS;01/01/2012;01/01/2012;false;B
89;1;SISTEMA OPERACIONAL;01/01/2012;01/01/2012;true;B
90;4;CONTROLADOR DE RAMAIS;01/01/2012;01/01/2012;false;C
91;2;SISTEMA MONITORAMENTO DE SENSORES;01/01/2012;01/01/2012;true;A
92;3;CONTROLADOR DE CATRACAS;01/01/2012;01/01/2012;false;A
93;2;GERENCIADOR DE CHAMADOS;01/01/2012;01/01/2012;false;B
94;1;SISTEMA OPERACIONAL;01/01/2012;01/01/2012;true;B
95;4;CONTROLADOR DE RAMAIS;01/01/2012;01/01/2012;false;C
96;2;SISTEMA MONITORAMENTO DE SENSORES;01/01/2012;01/01/2012;true;A
97;3;CONTROLADOR DE CATRACAS;01/01/2012;01/01/2012;false;A
98;2;GERENCIADOR DE CHAMADOS;01/01/2012;01/01/2012;false;B
99;1;SISTEMA OPERACIONAL;01/01/2012;01/01/2012;true;B
100;4;CONTROLADOR DE RAMAIS;01/01/2012;01/01/2012;false;C
101;2;SISTEMA MONITORAMENTO DE SENSORES;01/01/2012;01/01/2012;true;A
102;3;CONTROLADOR DE CATRACAS;01/01/2012;01/01/2012;false;A
103;2;GERENCIADOR DE CHAMADOS;01/01/2012;01/01/2012;false;B
104;1;SISTEMA OPERACIONAL;01/01/2012;01/01/2012;true;B
105;4;CONTROLADOR DE RAMAIS;01/01/2012;01/01/2012;false;C
106;2;SISTEMA MONITORAMENTO DE SENSORES;01/01/2012;01/01/2012;true;A
107;3;CONTROLADOR DE CATRACAS;01/01/2012;01/01/2012;false;A
108;2;GERENCIADOR DE CHAMADOS;01/01/2012;01/01/2012;false;B
109;1;SISTEMA OPERACIONAL;01/01/2012;01/01/2012;true;B
110;4;CONTROLADOR DE RAMAIS;01/01/2012;01/01/2012;false;C
111;2;SISTEMA MONITORAMENTO DE SENSORES;01/01/2012;01/01/2012;true;A
112;3;CONTROLADOR DE CATRACAS;01/01/2012;01/01/2012;false;A
113;2;GERENCIADOR DE CHAMADOS;01/01/2012;01/01/2012;false;B
114;1;SISTEMA OPERACIONAL;01/01/2012;01/01/2012;true;B
115;4;CONTROLADOR DE RAMAIS;01/01/2012;01/01/2012;false;C
116;2;SISTEMA MONITORAMENTO DE SENSORES;01/01/2012;01/01/2012;true;A
117;3;CONTROLADOR DE CATRACAS;01/01/2012;01/01/2012;false;A
118;2;GERENCIADOR DE CHAMADOS;01/01/2012;01/01/2012;false;B
119;1;SISTEMA OPERACIONAL;01/01/2012;01/01/2012;true;B
120;4;CONTROLADOR DE RAMAIS;01/01/2012;01/01/2012;false;C
121;2;SISTEMA MONITORAMENTO DE SENSORES;01/01/2012;01/01/2012;true;A
122;3;CONTROLADOR DE CATRACAS;01/01/2012;01/01/2012;false;A
123;2;GERENCIADOR DE CHAMADOS;01/01/2012;01/01/2012;false;B
124;1;SISTEMA OPERACIONAL;01/01/2012;01/01/2012;true;B
125;4;CONTROLADOR DE RAMAIS;01/01/2012;01/01/2012;false;C
126;2;SISTEMA MONITORAMENTO DE SENSORES;01/01/2012;01/01/2012;true;A
127;3;CONTROLADOR DE CATRACAS;01/01/2012;01/01/2012;false;A
128;2;GERENCIADOR DE CHAMADOS;01/01/2012;01/01/2012;false;B
129;1;SISTEMA OPERACIONAL;01/01/2012;01/01/2012;true;B
130;4;CONTROLADOR DE RAMAIS;01/01/2012;01/01/2012;false;C
131;2;SISTEMA MONITORAMENTO DE SENSORES;01/01/2012;01/01/2012;true;A
132;3;CONTROLADOR DE CATRACAS;01/01/2012;01/01/2012;false;A
133;2;GERENCIADOR DE CHAMADOS;01/01/2012;01/01/2012;false;B
134;1;SISTEMA OPERACIONAL;01/01/2012;01/01/2012;true;B
135;4;CONTROLADOR DE RAMAIS;01/01/2012;01/01/2012;false;C
136;2;SISTEMA MONITORAMENTO DE SENSORES;01/01/2012;01/01/2012;true;A
137;3;CONTROLADOR DE CATRACAS;01/01/2012;01/01/2012;false;A
138;2;GERENCIADOR DE CHAMADOS;01/01/2012;01/01/2012;false;B
139;1;SISTEMA OPERACIONAL;01/01/2012;01/01/2012;true;B
140;4;CONTROLADOR DE RAMAIS;01/01/2012;01/01/2012;false;C
141;2;SISTEMA MONITORAMENTO DE SENSORES;01/01/2012;01/01/2012;true;A
142;3;CONTROLADOR DE CATRACAS;01/01/2012;01/01/2012;false;A
143;2;GERENCIADOR DE CHAMADOS;01/01/2012;01/01/2012;false;B
144;1;SISTEMA OPERACIONAL;01/01/2012;01/01/2012;true;B
145;4;CONTROLADOR DE RAMAIS;01/01/2012;01/01/2012;false;C
146;2;SISTEMA MONITORAMENTO DE SENSORES;01/01/2012;01/01/2012;true;A
147;3;CONTROLADOR DE CATRACAS;01/01/2012;01/01/2012;false;A
148;2;GERENCIADOR DE CHAMADOS;01/01/2012;01/01/2012;false;B
149;1;SISTEMA OPERACIONAL;01/01/2012;01/01/2012;true;B
150;4;CONTROLADOR DE RAMAIS;01/01/2012;01/01/2012;false;C
151;2;SISTEMA MONITORAMENTO DE SENSORES;01/01/2012;01/01/2012;true;A
152;3;CONTROLADOR DE CATRACAS;01/01/2012;01/01/2012;false;A
153;2;GERENCIADOR DE CHAMADOS;01/01/2012;01/01/2012;false;B
154;1;SISTEMA OPERACIONAL;01/01/2012;01/01/2012;true;B
155;4;CONTROLADOR DE RAMAIS;01/01/2012;01/01/2012;false;C
156;2;SISTEMA MONITORAMENTO DE SENSORES;01/01/2012;01/01/2012;true;A
157;3;CONTROLADOR DE CATRACAS;01/01/2012;01/01/2012;false;A
158;2;GERENCIADOR DE CHAMADOS;01/01/2012;01/01/2012;false;B
159;1;SISTEMA OPERACIONAL;01/01/2012;01/01/2012;true;B
160;4;CONTROLADOR DE RAMAIS;01/01/2012;01/01/2012;false;C
161;2;SISTEMA MONITORAMENTO DE SENSORES;01/01/2012;01/01/2012;true;A
162;3;CONTROLADOR DE CATRACAS;01/01/2012;01/01/2012;false;A
163;2;GERENCIADOR DE CHAMADOS;01/01/2012;01/01/2012;false;B
164;1;SISTEMA OPERACIONAL;01/01/2012;01/01/2012;true;B
165;4;CONTROLADOR DE RAMAIS;01/01/2012;01/01/2012;false;C
166;2;SISTEMA MONITORAMENTO DE SENSORES;01/01/2012;01/01/2012;true;A
167;3;CONTROLADOR DE CATRACAS;01/01/2012;01/01/2012;false;A
168;2;GERENCIADOR DE CHAMADOS;01/01/2012;01/01/2012;false;B
169;1;SISTEMA OPERACIONAL;01/01/2012;01/01/2012;true;B
170;4;CONTROLADOR DE RAMAIS;01/01/2012;01/01/2012;false;C
171;2;SISTEMA MONITORAMENTO DE SENSORES;01/01/2012;01/01/2012;true;A
172;3;CONTROLADOR DE CATRACAS;01/01/2012;01/01/2012;false;A
173;2;GERENCIADOR DE CHAMADOS;01/01/2012;01/01/2012;false;B
174;1;SISTEMA OPERACIONAL;01/01/2012;01/01/2012;true;B
175;4;CONTROLADOR DE RAMAIS;01/01/2012;01/01/2012;false;C
176;2;SISTEMA MONITORAMENTO DE SENSORES;01/01/2012;01/01/2012;true;A
177;3;CONTROLADOR DE CATRACAS;01/01/2012;01/01/2012;false;A
178;2;GERENCIADOR DE CHAMADOS;01/01/2012;01/01/2012;false;B
179;1;SISTEMA OPERACIONAL;01/01/2012;01/01/2012;true;B
180;4;CONTROLADOR DE RAMAIS;01/01/2012;01/01/2012;false;C
181;2;SISTEMA MONITORAMENTO DE SENSORES;01/01/2012;01/01/2012;true;A
182;3;CONTROLADOR DE CATRACAS;01/01/2012;01/01/2012;false;A
183;2;GERENCIADOR DE CHAMADOS;01/01/2012;01/01/2012;false;B
184;1;SISTEMA OPERACIONAL;01/01/2012;01/01/2012;true;B
185;4;CONTROLADOR DE RAMAIS;01/01/2012;01/01/2012;false;C
186;2;SISTEMA MONITORAMENTO DE SENSORES;01/01/2012;01/01/2012;true;A
187;3;CONTROLADOR DE CATRACAS;01/01/2012;01/01/2012;false;A
188;2;GERENCIADOR DE CHAMADOS;01/01/2012;01/01/2012;false;B
189;1;SISTEMA OPERACIONAL;01/01/2012;01/01/2012;true;B
190;4;CONTROLADOR DE RAMAIS;01/01/2012;01/01/2012;false;C
191;2;SISTEMA MONITORAMENTO DE SENSORES;01/01/2012;01/01/2012;true;A
192;3;CONTROLADOR DE CATRACAS;01/01/2012;01/01/2012;false;A
193;2;GERENCIADOR DE CHAMADOS;01/01/2012;01/01/2012;false;B
194;1;SISTEMA OPERACIONAL;01/01/2012;01/01/2012;true;B
195;4;CONTROLADOR DE RAMAIS;01/01/2012;01/01/2012;false;C
196;2;SISTEMA MONITORAMENTO DE SENSORES;01/01/2012;01/01/2012;true;A
197;3;CONTROLADOR DE CATRACAS;01/01/2012;01/01/2012;false;A
198;2;GERENCIADOR DE CHAMADOS;01/01/2012;01/01/2012;false;B
199;1;SISTEMA OPERACIONAL;01/01/2012;01/01/2012;true;B
200;4;CONTROLADOR DE RAMAIS;01/01/2012;01/01/2012;false;C
201;2;SISTEMA MONITORAMENTO DE SENSORES;01/01/2012;01/01/2012;true;A
202;3;CONTROLADOR DE CATRACAS;01/01/2012;01/01/2012;false;A
203;2;GERENCIADOR DE CHAMADOS;01/01/2012;01/01/2012;false;B
204;1;SISTEMA OPERACIONAL;01/01/2012;01/01/2012;true;B
205;4;CONTROLADOR DE RAMAIS;01/01/2012;01/01/2012;false;C
206;2;SISTEMA MONITORAMENTO DE SENSORES;01/01/2012;01/01/2012;true;A
207;3;CONTROLADOR DE CATRACAS;01/01/2012;01/01/2012;false;A
208;2;GERENCIADOR DE CHAMADOS;01/01/2012;01/01/2012;false;B
209;1;SISTEMA OPERACIONAL;01/01/2012;01/01/2012;true;B
210;4;CONTROLADOR DE RAMAIS;01/01/2012;01/01/2012;false;C
211;2;SISTEMA MONITORAMENTO DE SENSORES;01/01/2012;01/01/2012;true;A
212;3;CONTROLADOR DE CATRACAS;01/01/2012;01/01/2012;false;A
213;2;GERENCIADOR DE CHAMADOS;01/01/2012;01/01/2012;false;B
214;1;SISTEMA OPERACIONAL;01/01/2012;01/01/2012;true;B
215;4;CONTROLADOR DE RAMAIS;01/01/2012;01/01/2012;false;C
216;2;SISTEMA MONITORAMENTO DE SENSORES;01/01/2012;01/01/2012;true;A
217;3;CONTROLADOR DE CATRACAS;01/01/2012;01/01/2012;false;A
218;2;GERENCIADOR DE CHAMADOS;01/01/2012;01/01/2012;false;B
219;1;SISTEMA OPERACIONAL;01/01/2012;01/01/2012;true;B
220;4;CONTROLADOR DE RAMAIS;01/01/2012;01/01/2012;false;C
221;2;SISTEMA MONITORAMENTO DE SENSORES;01/01/2012;01/01/2012;true;A
222;3;CONTROLADOR DE CATRACAS;01/01/2012;01/01/2012;false;A
223;2;GERENCIADOR DE CHAMADOS;01/01/2012;01/01/2012;false;B
224;1;SISTEMA OPERACIONAL;01/01/2012;01/01/2012;true;B
225;4;CONTROLADOR DE RAMAIS;01/01/2012;01/01/2012;false;C
226;2;SISTEMA MONITORAMENTO DE SENSORES;01/01/2012;01/01/2012;true;A
227;3;CONTROLADOR DE CATRACAS;01/01/2012;01/01/2012;false;A
228;2;GERENCIADOR DE CHAMADOS;01/01/2012;01/01/2012;false;B
229;1;SISTEMA OPERACIONAL;01/01/2012;01/01/2012;true;B
230;4;CONTROLADOR DE RAMAIS;01/01/2012;01/01/2012;false;C
231;2;SISTEMA MONITORAMENTO DE SENSORES;01/01/2012;01/01/2012;true;A
232;3;CONTROLADOR DE CATRACAS;01/01/2012;01/01/2012;false;A
233;2;GERENCIADOR DE CHAMADOS;01/01/2012;01/01/2012;false;B
234;1;SISTEMA OPERACIONAL;01/01/2012;01/01/2012;true;B
235;4;CONTROLADOR DE RAMAIS;01/01/2012;01/01/2012;false;C
236;2;SISTEMA MONITORAMENTO DE SENSORES;01/01/2012;01/01/2012;true;A
237;3;CONTROLADOR DE CATRACAS;01/01/2012;01/01/2012;false;A
238;2;GERENCIADOR DE CHAMADOS;01/01/2012;01/01/2012;false;B
239;1;SISTEMA OPERACIONAL;01/01/2012;01/01/2012;true;B
240;4;CONTROLADOR DE RAMAIS;01/01/2012;01/01/2012;false;C
241;2;SISTEMA MONITORAMENTO DE SENSORES;01/01/2012;01/01/2012;true;A
242;3;CONTROLADOR DE CATRACAS;01/01/2012;01/01/2012;false;A
243;2;GERENCIADOR DE CHAMADOS;01/01/2012;01/01/2012;false;B
244;1;SISTEMA OPERACIONAL;01/01/2012;01/01/2012;true;B
245;4;CONTROLADOR DE RAMAIS;01/01/2012;01/01/2012;false;C
246;2;SISTEMA MONITORAMENTO DE SENSORES;01/01/2012;01/01/2012;true;A
247;3;CONTROLADOR DE CATRACAS;01/01/2012;01/01/2012;false;A
248;2;GERENCIADOR DE CHAMADOS;01/01/2012;01/01/2012;false;B
249;1;SISTEMA OPERACIONAL;01/01/2012;01/01/2012;true;B
250;4;CONTROLADOR DE RAMAIS;01/01/2012;01/01/2012;false;C
251;2;SISTEMA MONITORAMENTO DE SENSORES;01/01/2012;01/01/2012;true;A
252;3;CONTROLADOR DE CATRACAS;01/01/2012;01/01/2012;false;A
253;2;GERENCIADOR DE CHAMADOS;01/01/2012;01/01/2012;false;B
254;1;SISTEMA OPERACIONAL;01/01/2012;01/01/2012;true;B
255;4;CONTROLADOR DE RAMAIS;01/01/2012;01/01/2012;false;C
256;2;SISTEMA MONITORAMENTO DE SENSORES;01/01/2012;01/01/2012;true;A
257;3;CONTROLADOR DE CATRACAS;01/01/2012;01/01/2012;false;A
258;2;GERENCIADOR DE CHAMADOS;01/01/2012;01/01/2012;false;B
259;1;SISTEMA OPERACIONAL;01/01/2012;01/01/2012;true;B
260;4;CONTROLADOR DE RAMAIS;01/01/2012;01/01/2012;false;C
261;2;SISTEMA MONITORAMENTO DE SENSORES;01/01/2012;01/01/2012;true;A
262;3;CONTROLADOR DE CATRACAS;01/01/2012;01/01/2012;false;A
263;2;GERENCIADOR DE CHAMADOS;01/01/2012;01/01/2012;false;B
264;1;SISTEMA OPERACIONAL;01/01/2012;01/01/2012;true;B
265;4;CONTROLADOR DE RAMAIS;01/01/2012;01/01/2012;false;C
266;2;SISTEMA MONITORAMENTO DE SENSORES;01/01/2012;01/01/2012;true;A
267;3;CONTROLADOR DE CATRACAS;01/01/2012;01/01/2012;false;A
268;2;GERENCIADOR DE CHAMADOS;01/01/2012;01/01/2012;false;B
269;1;SISTEMA OPERACIONAL;01/01/2012;01/01/2012;true;B
270;4;CONTROLADOR DE RAMAIS;01/01/2012;01/01/2012;false;C
271;2;SISTEMA MONITORAMENTO DE SENSORES;01/01/2012;01/01/2012;true;A
272;3;CONTROLADOR DE CATRACAS;01/01/2012;01/01/2012;false;A
273;2;GERENCIADOR DE CHAMADOS;01/01/2012;01/01/2012;false;B
274;1;SISTEMA OPERACIONAL;01/01/2012;01/01/2012;true;B
275;4;CONTROLADOR DE RAMAIS;01/01/2012;01/01/2012;false;C
276;2;SISTEMA MONITORAMENTO DE SENSORES;01/01/2012;01/01/2012;true;A
277;3;CONTROLADOR DE CATRACAS;01/01/2012;01/01/2012;false;A
278;2;GERENCIADOR DE CHAMADOS;01/01/2012;01/01/2012;false;B
279;1;SISTEMA OPERACIONAL;01/01/2012;01/01/2012;true;B
280;4;CONTROLADOR DE RAMAIS;01/01/2012;01/01/2012;false;C
281;2;SISTEMA MONITORAMENTO DE SENSORES;01/01/2012;01/01/2012;true;A
282;3;CONTROLADOR DE CATRACAS;01/01/2012;01/01/2012;false;A
283;2;GERENCIADOR DE CHAMADOS;01/01/2012;01/01/2012;false;B
284;1;SISTEMA OPERACIONAL;01/01/2012;01/01/2012;true;B
285;4;CONTROLADOR DE RAMAIS;01/01/2012;01/01/2012;false;C
286;2;SISTEMA MONITORAMENTO DE SENSORES;01/01/2012;01/01/2012;true;A
287;3;CONTROLADOR DE CATRACAS;01/01/2012;01/01/2012;false;A
288;2;GERENCIADOR DE CHAMADOS;01/01/2012;01/01/2012;false;B
289;1;SISTEMA OPERACIONAL;01/01/2012;01/01/2012;true;B
290;4;CONTROLADOR DE RAMAIS;01/01/2012;01/01/2012;false;C
291;2;SISTEMA MONITORAMENTO DE SENSORES;01/01/2012;01/01/2012;true;A
292;3;CONTROLADOR DE CATRACAS;01/01/2012;01/01/2012;false;A
293;2;GERENCIADOR DE CHAMADOS;01/01/2012;01/01/2012;false;B
294;1;SISTEMA OPERACIONAL;01/01/2012;01/01/2012;true;B
295;4;CONTROLADOR DE RAMAIS;01/01/2012;01/01/2012;false;C
296;2;SISTEMA MONITORAMENTO DE SENSORES;01/01/2012;01/01/2012;true;A
297;3;CONTROLADOR DE CATRACAS;01/01/2012;01/01/2012;false;A
298;2;GERENCIADOR DE CHAMADOS;01/01/2012;01/01/2012;false;B
299;1;SISTEMA OPERACIONAL;01/01/2012;01/01/2012;true;B
300;4;CONTROLADOR DE RAMAIS;01/01/2012;01/01/2012;false;C
301;2;SISTEMA MONITORAMENTO DE SENSORES;01/01/2012;01/01/2012;true;A
302;3;CONTROLADOR DE CATRACAS;01/01/2012;01/01/2012;false;A
303;2;GERENCIADOR DE CHAMADOS;01/01/2012;01/01/2012;false;B
304;1;SISTEMA OPERACIONAL;01/01/2012;01/01/2012;true;B
305;4;CONTROLADOR DE RAMAIS;01/01/2012;01/01/2012;false;C
306;2;SISTEMA MONITORAMENTO DE SENSORES;01/01/2012;01/01/2012;true;A
307;3;CONTROLADOR DE CATRACAS;01/01/2012;01/01/2012;false;A
308;2;GERENCIADOR DE CHAMADOS;01/01/2012;01/01/2012;false;B
309;1;SISTEMA OPERACIONAL;01/01/2012;01/01/2012;true;B
310;4;CONTROLADOR DE RAMAIS;01/01/2012;01/01/2012;false;C
311;2;SISTEMA MONITORAMENTO DE SENSORES;01/01/2012;01/01/2012;true;A
312;3;CONTROLADOR DE CATRACAS;01/01/2012;01/01/2012;false;A
313;2;GERENCIADOR DE CHAMADOS;01/01/2012;01/01/2012;false;B
314;1;SISTEMA OPERACIONAL;01/01/2012;01/01/2012;true;B
315;4;CONTROLADOR DE RAMAIS;01/01/2012;01/01/2012;false;C
316;2;SISTEMA MONITORAMENTO DE SENSORES;01/01/2012;01/01/2012;true;A
317;3;CONTROLADOR DE CATRACAS;01/01/2012;01/01/2012;false;A
318;2;GERENCIADOR DE CHAMADOS;01/01/2012;01/01/2012;false;B
319;1;SISTEMA OPERACIONAL;01/01/2012;01/01/2012;true;B
320;4;CONTROLADOR DE RAMAIS;01/01/2012;01/01/2012;false;C
321;2;SISTEMA MONITORAMENTO DE SENSORES;01/01/2012;01/01/2012;true;A
322;3;CONTROLADOR DE CATRACAS;01/01/2012;01/01/2012;false;A
323;2;GERENCIADOR DE CHAMADOS;01/01/2012;01/01/2012;false;B
324;1;SISTEMA OPERACIONAL;01/01/2012;01/01/2012;true;B
325;4;CONTROLADOR DE RAMAIS;01/01/2012;01/01/2012;false;C
326;2;SISTEMA MONITORAMENTO DE SENSORES;01/01/2012;01/01/2012;true;A
327;3;CONTROLADOR DE CATRACAS;01/01/2012;01/01/2012;false;A
328;2;GERENCIADOR DE CHAMADOS;01/01/2012;01/01/2012;false;B
329;1;SISTEMA OPERACIONAL;01/01/2012;01/01/2012;true;B
330;4;CONTROLADOR DE RAMAIS;01/01/2012;01/01/2012;false;C
331;2;SISTEMA MONITORAMENTO DE SENSORES;01/01/2012;01/01/2012;true;A
332;3;CONTROLADOR DE CATRACAS;01/01/2012;01/01/2012;false;A
333;2;GERENCIADOR DE CHAMADOS;01/01/2012;01/01/2012;false;B
334;1;SISTEMA OPERACIONAL;01/01/2012;01/01/2012;true;B
335;4;CONTROLADOR DE RAMAIS;01/01/2012;01/01/2012;false;C
336;2;SISTEMA MONITORAMENTO DE SENSORES;01/01/2012;01/01/2012;true;A
337;3;CONTROLADOR DE CATRACAS;01/01/2012;01/01/2012;false;A
338;2;GERENCIADOR DE CHAMADOS;01/01/2012;01/01/2012;false;B
339;1;SISTEMA OPERACIONAL;01/01/2012;01/01/2012;true;B
340;4;CONTROLADOR DE RAMAIS;01/01/2012;01/01/2012;false;C
341;2;SISTEMA MONITORAMENTO DE SENSORES;01/01/2012;01/01/2012;true;A
342;3;CONTROLADOR DE CATRACAS;01/01/2012;01/01/2012;false;A
343;2;GERENCIADOR DE CHAMADOS;01/01/2012;01/01/2012;false;B
344;1;SISTEMA OPERACIONAL;01/01/2012;01/01/2012;true;B
345;4;CONTROLADOR DE RAMAIS;01/01/2012;01/01/2012;false;C
346;2;SISTEMA MONITORAMENTO DE SENSORES;01/01/2012;01/01/2012;true;A
347;3;CONTROLADOR DE CATRACAS;01/01/2012;01/01/2012;false;A
348;2;GERENCIADOR DE CHAMADOS;01/01/2012;01/01/2012;false;B
349;1;SISTEMA OPERACIONAL;01/01/2012;01/01/2012;true;B
350;4;CONTROLADOR DE RAMAIS;01/01/2012;01/01/2012;false;C
351;2;SISTEMA MONITORAMENTO DE SENSORES;01/01/2012;01/01/2012;true;A
352;3;CONTROLADOR DE CATRACAS;01/01/2012;01/01/2012;false;A
353;2;GERENCIADOR DE CHAMADOS;01/01/2012;01/01/2012;false;B
354;1;SISTEMA OPERACIONAL;01/01/2012;01/01/2012;true;B
355;4;CONTROLADOR DE RAMAIS;01/01/2012;01/01/2012;false;C
356;2;SISTEMA MONITORAMENTO DE SENSORES;01/01/2012;01/01/2012;true;A
357;3;CONTROLADOR DE CATRACAS;01/01/2012;01/01/2012;false;A
358;2;GERENCIADOR DE CHAMADOS;01/01/2012;01/01/2012;false;B
359;1;SISTEMA OPERACIONAL;01/01/2012;01/01/2012;true;B
360;4;CONTROLADOR DE RAMAIS;01/01/2012;01/01/2012;false;C
361;2;SISTEMA MONITORAMENTO DE SENSORES;01/01/2012;01/01/2012;true;A
362;3;CONTROLADOR DE CATRACAS;01/01/2012;01/01/2012;false;A
363;2;GERENCIADOR DE CHAMADOS;01/01/2012;01/01/2012;false;B
364;1;SISTEMA OPERACIONAL;01/01/2012;01/01/2012;true;B
365;4;CONTROLADOR DE RAMAIS;01/01/2012;01/01/2012;false;C
366;2;SISTEMA MONITORAMENTO DE SENSORES;01/01/2012;01/01/2012;true;A
367;3;CONTROLADOR DE CATRACAS;01/01/2012;01/01/2012;false;A
368;2;GERENCIADOR DE CHAMADOS;01/01/2012;01/01/2012;false;B
369;1;SISTEMA OPERACIONAL;01/01/2012;01/01/2012;true;B
370;4;CONTROLADOR DE RAMAIS;01/01/2012;01/01/2012;false;C
371;2;SISTEMA MONITORAMENTO DE SENSORES;01/01/2012;01/01/2012;true;A
372;3;CONTROLADOR DE CATRACAS;01/01/2012;01/01/2012;false;A
373;2;GERENCIADOR DE CHAMADOS;01/01/2012;01/01/2012;false;B
374;1;SISTEMA OPERACIONAL;01/01/2012;01/01/2012;true;B
375;4;CONTROLADOR DE RAMAIS;01/01/2012;01/01/2012;false;C
376;2;SISTEMA MONITORAMENTO DE SENSORES;01/01/2012;01/01/2012;true;A
377;3;CONTROLADOR DE CATRACAS;01/01/2012;01/01/2012;false;A
378;2;GERENCIADOR DE CHAMADOS;01/01/2012;01/01/2012;false;B
379;1;SISTEMA OPERACIONAL;01/01/2012;01/01/2012;true;B
380;4;CONTROLADOR DE RAMAIS;01/01/2012;01/01/2012;false;C
381;2;SISTEMA MONITORAMENTO DE SENSORES;01/01/2012;01/01/2012;true;A
382;3;CONTROLADOR DE CATRACAS;01/01/2012;01/01/2012;false;A
383;2;GERENCIADOR DE CHAMADOS;01/01/2012;01/01/2012;false;B
384;1;SISTEMA OPERACIONAL;01/01/2012;01/01/2012;true;B
385;4;CONTROLADOR DE RAMAIS;01/01/2012;01/01/2012;false;C
386;2;SISTEMA MONITORAMENTO DE SENSORES;01/01/2012;01/01/2012;true;A
387;3;CONTROLADOR DE CATRACAS;01/01/2012;01/01/2012;false;A
388;2;GERENCIADOR DE CHAMADOS;01/01/2012;01/01/2012;false;B
389;1;SISTEMA OPERACIONAL;01/01/2012;01/01/2012;true;B
390;4;CONTROLADOR DE RAMAIS;01/01/2012;01/01/2012;false;C
391;2;SISTEMA MONITORAMENTO DE SENSORES;01/01/2012;01/01/2012;true;A
392;3;CONTROLADOR DE CATRACAS;01/01/2012;01/01/2012;false;A
393;2;GERENCIADOR DE CHAMADOS;01/01/2012;01/01/2012;false;B
394;1;SISTEMA OPERACIONAL;01/01/2012;01/01/2012;true;B
395;4;CONTROLADOR DE RAMAIS;01/01/2012;01/01/2012;false;C
396;2;SISTEMA MONITORAMENTO DE SENSORES;01/01/2012;01/01/2012;true;A
397;3;CONTROLADOR DE CATRACAS;01/01/2012;01/01/2012;false;A
398;2;GERENCIADOR DE CHAMADOS;01/01/2012;01/01/2012;false;B
399;1;SISTEMA OPERACIONAL;01/01/2012;01/01/2012;true;B
400;4;CONTROLADOR DE RAMAIS;01/01/2012;01/01/2012;false;C
401;2;SISTEMA MONITORAMENTO DE SENSORES;01/01/2012;01/01/2012;true;A
402;3;CONTROLADOR DE CATRACAS;01/01/2012;01/01/2012;false;A
403;2;GERENCIADOR DE CHAMADOS;01/01/2012;01/01/2012;false;B
404;1;SISTEMA OPERACIONAL;01/01/2012;01/01/2012;true;B
405;4;CONTROLADOR DE RAMAIS;01/01/2012;01/01/2012;false;C
406;2;SISTEMA MONITORAMENTO DE SENSORES;01/01/2012;01/01/2012;true;A
407;3;CONTROLADOR DE CATRACAS;01/01/2012;01/01/2012;false;A
408;2;GERENCIADOR DE CHAMADOS;01/01/2012;01/01/2012;false;B
409;1;SISTEMA OPERACIONAL;01/01/2012;01/01/2012;true;B
410;4;CONTROLADOR DE RAMAIS;01/01/2012;01/01/2012;false;C
411;2;SISTEMA MONITORAMENTO DE SENSORES;01/01/2012;01/01/2012;true;A
412;3;CONTROLADOR DE CATRACAS;01/01/2012;01/01/2012;false;A
413;2;GERENCIADOR DE CHAMADOS;01/01/2012;01/01/2012;false;B
414;1;SISTEMA OPERACIONAL;01/01/2012;01/01/2012;true;B
415;4;CONTROLADOR DE RAMAIS;01/01/2012;01/01/2012;false;C
416;2;SISTEMA MONITORAMENTO DE SENSORES;01/01/2012;01/01/2012;true;A
417;3;CONTROLADOR DE CATRACAS;01/01/2012;01/01/2012;false;A
418;2;GERENCIADOR DE CHAMADOS;01/01/2012;01/01/2012;false;B
419;1;SISTEMA OPERACIONAL;01/01/2012;01/01/2012;true;B
420;4;CONTROLADOR DE RAMAIS;01/01/2012;01/01/2012;false;C
421;2;SISTEMA MONITORAMENTO DE SENSORES;01/01/2012;01/01/2012;true;A
422;3;CONTROLADOR DE CATRACAS;01/01/2012;01/01/2012;false;A
423;2;GERENCIADOR DE CHAMADOS;01/01/2012;01/01/2012;false;B
424;1;SISTEMA OPERACIONAL;01/01/2012;01/01/2012;true;B
425;4;CONTROLADOR DE RAMAIS;01/01/2012;01/01/2012;false;C
426;2;SISTEMA MONITORAMENTO DE SENSORES;01/01/2012;01/01/2012;true;A
427;3;CONTROLADOR DE CATRACAS;01/01/2012;01/01/2012;false;A
428;2;GERENCIADOR DE CHAMADOS;01/01/2012;01/01/2012;false;B
429;1;SISTEMA OPERACIONAL;01/01/2012;01/01/2012;true;B
430;4;CONTROLADOR DE RAMAIS;01/01/2012;01/01/2012;false;C
431;2;SISTEMA MONITORAMENTO DE SENSORES;01/01/2012;01/01/2012;true;A
432;3;CONTROLADOR DE CATRACAS;01/01/2012;01/01/2012;false;A
433;2;GERENCIADOR DE CHAMADOS;01/01/2012;01/01/2012;false;B
434;1;SISTEMA OPERACIONAL;01/01/2012;01/01/2012;true;B
435;4;CONTROLADOR DE RAMAIS;01/01/2012;01/01/2012;false;C
436;2;SISTEMA MONITORAMENTO DE SENSORES;01/01/2012;01/01/2012;true;A
437;3;CONTROLADOR DE CATRACAS;01/01/2012;01/01/2012;false;A
438;2;GERENCIADOR DE CHAMADOS;01/01/2012;01/01/2012;false;B
439;1;SISTEMA OPERACIONAL;01/01/2012;01/01/2012;true;B
440;4;CONTROLADOR DE RAMAIS;01/01/2012;01/01/2012;false;C
441;2;SISTEMA MONITORAMENTO DE SENSORES;01/01/2012;01/01/2012;true;A
442;3;CONTROLADOR DE CATRACAS;01/01/2012;01/01/2012;false;A
443;2;GERENCIADOR DE CHAMADOS;01/01/2012;01/01/2012;false;B
444;1;SISTEMA OPERACIONAL;01/01/2012;01/01/2012;true;B
445;4;CONTROLADOR DE RAMAIS;01/01/2012;01/01/2012;false;C
446;2;SISTEMA MONITORAMENTO DE SENSORES;01/01/2012;01/01/2012;true;A
447;3;CONTROLADOR DE CATRACAS;01/01/2012;01/01/2012;false;A
448;2;GERENCIADOR DE CHAMADOS;01/01/2012;01/01/2012;false;B
449;1;SISTEMA OPERACIONAL;01/01/2012;01/01/2012;true;B
450;4;CONTROLADOR DE RAMAIS;01/01/2012;01/01/2012;false;C
451;2;SISTEMA MONITORAMENTO DE SENSORES;01/01/2012;01/01/2012;true;A
452;3;CONTROLADOR DE CATRACAS;01/01/2012;01/01/2012;false;A
453;2;GERENCIADOR DE CHAMADOS;01/01/2012;01/01/2012;false;B
454;1;SISTEMA OPERACIONAL;01/01/2012;01/01/2012;true;B
455;4;CONTROLADOR DE RAMAIS;01/01/2012;01/01/2012;false;C
456;2;SISTEMA MONITORAMENTO DE SENSORES;01/01/2012;01/01/2012;true;A
457;3;CONTROLADOR DE CATRACAS;01/01/2012;01/01/2012;false;A
458;2;GERENCIADOR DE CHAMADOS;01/01/2012;01/01/2012;false;B
459;1;SISTEMA OPERACIONAL;01/01/2012;01/01/2012;true;B
460;4;CONTROLADOR DE RAMAIS;01/01/2012;01/01/2012;false;C
461;2;SISTEMA MONITORAMENTO DE SENSORES;01/01/2012;01/01/2012;true;A
462;3;CONTROLADOR DE CATRACAS;01/01/2012;01/01/2012;false;A
463;2;GERENCIADOR DE CHAMADOS;01/01/2012;01/01/2012;false;B
464;1;SISTEMA OPERACIONAL;01/01/2012;01/01/2012;true;B
465;4;CONTROLADOR DE RAMAIS;01/01/2012;01/01/2012;false;C
466;2;SISTEMA MONITORAMENTO DE SENSORES;01/01/2012;01/01/2012;true;A
467;3;CONTROLADOR DE CATRACAS;01/01/2012;01/01/2012;false;A
468;2;GERENCIADOR DE CHAMADOS;01/01/2012;01/01/2012;false;B
469;1;SISTEMA OPERACIONAL;01/01/2012;01/01/2012;true;B
470;4;CONTROLADOR DE RAMAIS;01/01/2012;01/01/2012;false;C
471;2;SISTEMA MONITORAMENTO DE SENSORES;01/01/2012;01/01/2012;true;A
472;3;CONTROLADOR DE CATRACAS;01/01/2012;01/01/2012;false;A
473;2;GERENCIADOR DE CHAMADOS;01/01/2012;01/01/2012;false;B
474;1;SISTEMA OPERACIONAL;01/01/2012;01/01/2012;true;B
475;4;CONTROLADOR DE RAMAIS;01/01/2012;01/01/2012;false;C
476;2;SISTEMA MONITORAMENTO DE SENSORES;01/01/2012;01/01/2012;true;A
477;3;CONTROLADOR DE CATRACAS;01/01/2012;01/01/2012;false;A
478;2;GERENCIADOR DE CHAMADOS;01/01/2012;01/01/2012;false;B
479;1;SISTEMA OPERACIONAL;01/01/2012;01/01/2012;true;B
480;4;CONTROLADOR DE RAMAIS;01/01/2012;01/01/2012;false;C
481;2;SISTEMA MONITORAMENTO DE SENSORES;01/01/2012;01/01/2012;true;A
482;3;CONTROLADOR DE CATRACAS;01/01/2012;01/01/2012;false;A
483;2;GERENCIADOR DE CHAMADOS;01/01/2012;01/01/2012;false;B
484;1;SISTEMA OPERACIONAL;01/01/2012;01/01/2012;true;B
485;4;CONTROLADOR DE RAMAIS;01/01/2012;01/01/2012;false;C
486;2;SISTEMA MONITORAMENTO DE SENSORES;01/01/2012;01/01/2012;true;A
487;3;CONTROLADOR DE CATRACAS;01/01/2012;01/01/2012;false;A
488;2;GERENCIADOR DE CHAMADOS;01/01/2012;01/01/2012;false;B
489;1;SISTEMA OPERACIONAL;01/01/2012;01/01/2012;true;B
490;4;CONTROLADOR DE RAMAIS;01/01/2012;01/01/2012;false;C
491;2;SISTEMA MONITORAMENTO DE SENSORES;01/01/2012;01/01/2012;true;A
492;3;CONTROLADOR DE CATRACAS;01/01/2012;01/01/2012;false;A
493;2;GERENCIADOR DE CHAMADOS;01/01/2012;01/01/2012;false;B
494;1;SISTEMA OPERACIONAL;01/01/2012;01/01/2012;true;B
495;4;CONTROLADOR DE RAMAIS;01/01/2012;01/01/2012;false;C
496;2;SISTEMA MONITORAMENTO DE SENSORES;01/01/2012;01/01/2012;true;A
497;3;CONTROLADOR DE CATRACAS;01/01/2012;01/01/2012;false;A
498;2;GERENCIADOR DE CHAMADOS;01/01/2012;01/01/2012;false;B
499;1;SISTEMA OPERACIONAL;01/01/2012;01/01/2012;true;B
500;4;CONTROLADOR DE RAMAIS;01/01/2012;01/01/2012;false;C
501;2;SISTEMA MONITORAMENTO DE SENSORES;01/01/2012;01/01/2012;true;A
502;3;CONTROLADOR DE CATRACAS;01/01/2012;01/01/2012;false;A
503;2;GERENCIADOR DE CHAMADOS;01/01/2012;01/01/2012;false;B
504;1;SISTEMA OPERACIONAL;01/01/2012;01/01/2012;true;B
505;4;CONTROLADOR DE RAMAIS;01/01/2012;01/01/2012;false;C
506;2;SISTEMA MONITORAMENTO DE SENSORES;01/01/2012;01/01/2012;true;A
507;3;CONTROLADOR DE CATRACAS;01/01/2012;01/01/2012;false;A
508;2;GERENCIADOR DE CHAMADOS;01/01/2012;01/01/2012;false;B
509;1;SISTEMA OPERACIONAL;01/01/2012;01/01/2012;true;B
510;4;CONTROLADOR DE RAMAIS;01/01/2012;01/01/2012;false;C
511;2;SISTEMA MONITORAMENTO DE SENSORES;01/01/2012;01/01/2012;true;A
512;3;CONTROLADOR DE CATRACAS;01/01/2012;01/01/2012;false;A
513;2;GERENCIADOR DE CHAMADOS;01/01/2012;01/01/2012;false;B
514;1;SISTEMA OPERACIONAL;01/01/2012;01/01/2012;true;B
515;4;CONTROLADOR DE RAMAIS;01/01/2012;01/01/2012;false;C
516;2;SISTEMA MONITORAMENTO DE SENSORES;01/01/2012;01/01/2012;true;A
517;3;CONTROLADOR DE CATRACAS;01/01/2012;01/01/2012;false;A
518;2;GERENCIADOR DE CHAMADOS;01/01/2012;01/01/2012;false;B
519;1;SISTEMA OPERACIONAL;01/01/2012;01/01/2012;true;B
520;4;CONTROLADOR DE RAMAIS;01/01/2012;01/01/2012;false;C
521;2;SISTEMA MONITORAMENTO DE SENSORES;01/01/2012;01/01/2012;true;A
522;3;CONTROLADOR DE CATRACAS;01/01/2012;01/01/2012;false;A
523;2;GERENCIADOR DE CHAMADOS;01/01/2012;01/01/2012;false;B
524;1;SISTEMA OPERACIONAL;01/01/2012;01/01/2012;true;B
525;4;CONTROLADOR DE RAMAIS;01/01/2012;01/01/2012;false;C
526;2;SISTEMA MONITORAMENTO DE SENSORES;01/01/2012;01/01/2012;true;A
527;3;CONTROLADOR DE CATRACAS;01/01/2012;01/01/2012;false;A
528;2;GERENCIADOR DE CHAMADOS;01/01/2012;01/01/2012;false;B
529;1;SISTEMA OPERACIONAL;01/01/2012;01/01/2012;true;B
530;4;CONTROLADOR DE RAMAIS;01/01/2012;01/01/2012;false;C
531;2;SISTEMA MONITORAMENTO DE SENSORES;01/01/2012;01/01/2012;true;A
532;3;CONTROLADOR DE CATRACAS;01/01/2012;01/01/2012;false;A
533;2;GERENCIADOR DE CHAMADOS;01/01/2012;01/01/2012;false;B
534;1;SISTEMA OPERACIONAL;01/01/2012;01/01/2012;true;B
535;4;CONTROLADOR DE RAMAIS;01/01/2012;01/01/2012;false;C
536;2;SISTEMA MONITORAMENTO DE SENSORES;01/01/2012;01/01/2012;true;A
537;3;CONTROLADOR DE CATRACAS;01/01/2012;01/01/2012;false;A
538;2;GERENCIADOR DE CHAMADOS;01/01/2012;01/01/2012;false;B
539;1;SISTEMA OPERACIONAL;01/01/2012;01/01/2012;true;B
540;4;CONTROLADOR DE RAMAIS;01/01/2012;01/01/2012;false;C
541;2;SISTEMA MONITORAMENTO DE SENSORES;01/01/2012;01/01/2012;true;A
542;3;CONTROLADOR DE CATRACAS;01/01/2012;01/01/2012;false;A
543;2;GERENCIADOR DE CHAMADOS;01/01/2012;01/01/2012;false;B
544;1;SISTEMA OPERACIONAL;01/01/2012;01/01/2012;true;B
545;4;CONTROLADOR DE RAMAIS;01/01/2012;01/01/2012;false;C
546;2;SISTEMA MONITORAMENTO DE SENSORES;01/01/2012;01/01/2012;true;A
547;3;CONTROLADOR DE CATRACAS;01/01/2012;01/01/2012;false;A
548;2;GERENCIADOR DE CHAMADOS;01/01/2012;01/01/2012;false;B
549;1;SISTEMA OPERACIONAL;01/01/2012;01/01/2012;true;B
550;4;CONTROLADOR DE RAMAIS;01/01/2012;01/01/2012;false;C
551;2;SISTEMA MONITORAMENTO DE SENSORES;01/01/2012;01/01/2012;true;A
552;3;CONTROLADOR DE CATRACAS;01/01/2012;01/01/2012;false;A
553;2;GERENCIADOR DE CHAMADOS;01/01/2012;01/01/2012;false;B
554;1;SISTEMA OPERACIONAL;01/01/2012;01/01/2012;true;B
555;4;CONTROLADOR DE RAMAIS;01/01/2012;01/01/2012;false;C
556;2;SISTEMA MONITORAMENTO DE SENSORES;01/01/2012;01/01/2012;true;A
557;3;CONTROLADOR DE CATRACAS;01/01/2012;01/01/2012;false;A
558;2;GERENCIADOR DE CHAMADOS;01/01/2012;01/01/2012;false;B
559;1;SISTEMA OPERACIONAL;01/01/2012;01/01/2012;true;B
560;4;CONTROLADOR DE RAMAIS;01/01/2012;01/01/2012;false;C
561;2;SISTEMA MONITORAMENTO DE SENSORES;01/01/2012;01/01/2012;true;A
562;3;CONTROLADOR DE CATRACAS;01/01/2012;01/01/2012;false;A
563;2;GERENCIADOR DE CHAMADOS;01/01/2012;01/01/2012;false;B
564;1;SISTEMA OPERACIONAL;01/01/2012;01/01/2012;true;B
565;4;CONTROLADOR DE RAMAIS;01/01/2012;01/01/2012;false;C
566;2;SISTEMA MONITORAMENTO DE SENSORES;01/01/2012;01/01/2012;true;A
567;3;CONTROLADOR DE CATRACAS;01/01/2012;01/01/2012;false;A
568;2;GERENCIADOR DE CHAMADOS;01/01/2012;01/01/2012;false;B
569;1;SISTEMA OPERACIONAL;01/01/2012;01/01/2012;true;B
570;4;CONTROLADOR DE RAMAIS;01/01/2012;01/01/2012;false;C
571;2;SISTEMA MONITORAMENTO DE SENSORES;01/01/2012;01/01/2012;true;A
572;3;CONTROLADOR DE CATRACAS;01/01/2012;01/01/2012;false;A
573;2;GERENCIADOR DE CHAMADOS;01/01/2012;01/01/2012;false;B
574;1;SISTEMA OPERACIONAL;01/01/2012;01/01/2012;true;B
575;4;CONTROLADOR DE RAMAIS;01/01/2012;01/01/2012;false;C
576;2;SISTEMA MONITORAMENTO DE SENSORES;01/01/2012;01/01/2012;true;A
577;3;CONTROLADOR DE CATRACAS;01/01/2012;01/01/2012;false;A
578;2;GERENCIADOR DE CHAMADOS;01/01/2012;01/01/2012;false;B
579;1;SISTEMA OPERACIONAL;01/01/2012;01/01/2012;true;B
580;4;CONTROLADOR DE RAMAIS;01/01/2012;01/01/2012;false;C
581;2;SISTEMA MONITORAMENTO DE SENSORES;01/01/2012;01/01/2012;true;A
582;3;CONTROLADOR DE CATRACAS;01/01/2012;01/01/2012;false;A
583;2;GERENCIADOR DE CHAMADOS;01/01/2012;01/01/2012;false;B
584;1;SISTEMA OPERACIONAL;01/01/2012;01/01/2012;true;B
585;4;CONTROLADOR DE RAMAIS;01/01/2012;01/01/2012;false;C
586;2;SISTEMA MONITORAMENTO DE SENSORES;01/01/2012;01/01/2012;true;A
587;3;CONTROLADOR DE CATRACAS;01/01/2012;01/01/2012;false;A
588;2;GERENCIADOR DE CHAMADOS;01/01/2012;01/01/2012;false;B
589;1;SISTEMA OPERACIONAL;01/01/2012;01/01/2012;true;B
590;4;CONTROLADOR DE RAMAIS;01/01/2012;01/01/2012;false;C
591;2;SISTEMA MONITORAMENTO DE SENSORES;01/01/2012;01/01/2012;true;A
592;3;CONTROLADOR DE CATRACAS;01/01/2012;01/01/2012;false;A
593;2;GERENCIADOR DE CHAMADOS;01/01/2012;01/01/2012;false;B
594;1;SISTEMA OPERACIONAL;01/01/2012;01/01/2012;true;B
595;4;CONTROLADOR DE RAMAIS;01/01/2012;01/01/2012;false;C
596;2;SISTEMA MONITORAMENTO DE SENSORES;01/01/2012;01/01/2012;true;A
597;3;CONTROLADOR DE CATRACAS;01/01/2012;01/01/2012;false;A
598;2;GERENCIADOR DE CHAMADOS;01/01/2012;01/01/2012;false;B
599;1;SISTEMA OPERACIONAL;01/01/2012;01/01/2012;true;B
600;4;CONTROLADOR DE RAMAIS;01/01/2012;01/01/2012;false;C
601;2;SISTEMA MONITORAMENTO DE SENSORES;01/01/2012;01/01/2012;true;A
602;3;CONTROLADOR DE CATRACAS;01/01/2012;01/01/2012;false;A
603;2;GERENCIADOR DE CHAMADOS;01/01/2012;01/01/2012;false;B
604;1;SISTEMA OPERACIONAL;01/01/2012;01/01/2012;true;B
605;4;CONTROLADOR DE RAMAIS;01/01/2012;01/01/2012;false;C
606;2;SISTEMA MONITORAMENTO DE SENSORES;01/01/2012;01/01/2012;true;A
607;3;CONTROLADOR DE CATRACAS;01/01/2012;01/01/2012;false;A
608;2;GERENCIADOR DE CHAMADOS;01/01/2012;01/01/2012;false;B
609;1;SISTEMA OPERACIONAL;01/01/2012;01/01/2012;true;B
610;4;CONTROLADOR DE RAMAIS;01/01/2012;01/01/2012;false;C
611;2;SISTEMA MONITORAMENTO DE SENSORES;01/01/2012;01/01/2012;true;A
612;3;CONTROLADOR DE CATRACAS;01/01/2012;01/01/2012;false;A
613;2;GERENCIADOR DE CHAMADOS;01/01/2012;01/01/2012;false;B
614;1;SISTEMA OPERACIONAL;01/01/2012;01/01/2012;true;B
615;4;CONTROLADOR DE RAMAIS;01/01/2012;01/01/2012;false;C
616;2;SISTEMA MONITORAMENTO DE SENSORES;01/01/2012;01/01/2012;true;A
617;3;CONTROLADOR DE CATRACAS;01/01/2012;01/01/2012;false;A
618;2;GERENCIADOR DE CHAMADOS;01/01/2012;01/01/2012;false;B
619;1;SISTEMA OPERACIONAL;01/01/2012;01/01/2012;true;B
620;4;CONTROLADOR DE RAMAIS;01/01/2012;01/01/2012;false;C
621;2;SISTEMA MONITORAMENTO DE SENSORES;01/01/2012;01/01/2012;true;A
622;3;CONTROLADOR DE CATRACAS;01/01/2012;01/01/2012;false;A
623;2;GERENCIADOR DE CHAMADOS;01/01/2012;01/01/2012;false;B
624;1;SISTEMA OPERACIONAL;01/01/2012;01/01/2012;true;B
625;4;CONTROLADOR DE RAMAIS;01/01/2012;01/01/2012;false;C
626;2;SISTEMA MONITORAMENTO DE SENSORES;01/01/2012;01/01/2012;true;A
627;3;CONTROLADOR DE CATRACAS;01/01/2012;01/01/2012;false;A
628;2;GERENCIADOR DE CHAMADOS;01/01/2012;01/01/2012;false;B
629;1;SISTEMA OPERACIONAL;01/01/2012;01/01/2012;true;B
630;4;CONTROLADOR DE RAMAIS;01/01/2012;01/01/2012;false;C
631;2;SISTEMA MONITORAMENTO DE SENSORES;01/01/2012;01/01/2012;true;A
632;3;CONTROLADOR DE CATRACAS;01/01/2012;01/01/2012;false;A
633;2;GERENCIADOR DE CHAMADOS;01/01/2012;01/01/2012;false;B
634;1;SISTEMA OPERACIONAL;01/01/2012;01/01/2012;true;B
635;4;CONTROLADOR DE RAMAIS;01/01/2012;01/01/2012;false;C
636;2;SISTEMA MONITORAMENTO DE SENSORES;01/01/2012;01/01/2012;true;A
637;3;CONTROLADOR DE CATRACAS;01/01/2012;01/01/2012;false;A
638;2;GERENCIADOR DE CHAMADOS;01/01/2012;01/01/2012;false;B
639;1;SISTEMA OPERACIONAL;01/01/2012;01/01/2012;true;B
640;4;CONTROLADOR DE RAMAIS;01/01/2012;01/01/2012;false;C
641;2;SISTEMA MONITORAMENTO DE SENSORES;01/01/2012;01/01/2012;true;A
642;3;CONTROLADOR DE CATRACAS;01/01/2012;01/01/2012;false;A
643;2;GERENCIADOR DE CHAMADOS;01/01/2012;01/01/2012;false;B
644;1;SISTEMA OPERACIONAL;01/01/2012;01/01/2012;true;B
645;4;CONTROLADOR DE RAMAIS;01/01/2012;01/01/2012;false;C
646;2;SISTEMA MONITORAMENTO DE SENSORES;01/01/2012;01/01/2012;true;A
647;3;CONTROLADOR DE CATRACAS;01/01/2012;01/01/2012;false;A
648;2;GERENCIADOR DE CHAMADOS;01/01/2012;01/01/2012;false;B
649;1;SISTEMA OPERACIONAL;01/01/2012;01/01/2012;true;B
650;4;CONTROLADOR DE RAMAIS;01/01/2012;01/01/2012;false;C
651;2;SISTEMA MONITORAMENTO DE SENSORES;01/01/2012;01/01/2012;true;A
652;3;CONTROLADOR DE CATRACAS;01/01/2012;01/01/2012;false;A
653;2;GERENCIADOR DE CHAMADOS;01/01/2012;01/01/2012;false;B
654;1;SISTEMA OPERACIONAL;01/01/2012;01/01/2012;true;B
655;4;CONTROLADOR DE RAMAIS;01/01/2012;01/01/2012;false;C
656;2;SISTEMA MONITORAMENTO DE SENSORES;01/01/2012;01/01/2012;true;A
657;3;CONTROLADOR DE CATRACAS;01/01/2012;01/01/2012;false;A
658;2;GERENCIADOR DE CHAMADOS;01/01/2012;01/01/2012;false;B
659;1;SISTEMA OPERACIONAL;01/01/2012;01/01/2012;true;B
660;4;CONTROLADOR DE RAMAIS;01/01/2012;01/01/2012;false;C
661;2;SISTEMA MONITORAMENTO DE SENSORES;01/01/2012;01/01/2012;true;A
662;3;CONTROLADOR DE CATRACAS;01/01/2012;01/01/2012;false;A
663;2;GERENCIADOR DE CHAMADOS;01/01/2012;01/01/2012;false;B
664;1;SISTEMA OPERACIONAL;01/01/2012;01/01/2012;true;B
665;4;CONTROLADOR DE RAMAIS;01/01/2012;01/01/2012;false;C
666;2;SISTEMA MONITORAMENTO DE SENSORES;01/01/2012;01/01/2012;true;A
667;3;CONTROLADOR DE CATRACAS;01/01/2012;01/01/2012;false;A
668;2;GERENCIADOR DE CHAMADOS;01/01/2012;01/01/2012;false;B
669;1;SISTEMA OPERACIONAL;01/01/2012;01/01/2012;true;B
670;4;CONTROLADOR DE RAMAIS;01/01/2012;01/01/2012;false;C
671;2;SISTEMA MONITORAMENTO DE SENSORES;01/01/2012;01/01/2012;true;A
672;3;CONTROLADOR DE CATRACAS;01/01/2012;01/01/2012;false;A
673;2;GERENCIADOR DE CHAMADOS;01/01/2012;01/01/2012;false;B
674;1;SISTEMA OPERACIONAL;01/01/2012;01/01/2012;true;B
675;4;CONTROLADOR DE RAMAIS;01/01/2012;01/01/2012;false;C
676;2;SISTEMA MONITORAMENTO DE SENSORES;01/01/2012;01/01/2012;true;A
677;3;CONTROLADOR DE CATRACAS;01/01/2012;01/01/2012;false;A
678;2;GERENCIADOR DE CHAMADOS;01/01/2012;01/01/2012;false;B
679;1;SISTEMA OPERACIONAL;01/01/2012;01/01/2012;true;B
680;4;CONTROLADOR DE RAMAIS;01/01/2012;01/01/2012;false;C
681;2;SISTEMA MONITORAMENTO DE SENSORES;01/01/2012;01/01/2012;true;A
682;3;CONTROLADOR DE CATRACAS;01/01/2012;01/01/2012;false;A
683;2;GERENCIADOR DE CHAMADOS;01/01/2012;01/01/2012;false;B
684;1;SISTEMA OPERACIONAL;01/01/2012;01/01/2012;true;B
685;4;CONTROLADOR DE RAMAIS;01/01/2012;01/01/2012;false;C
686;2;SISTEMA MONITORAMENTO DE SENSORES;01/01/2012;01/01/2012;true;A
687;3;CONTROLADOR DE CATRACAS;01/01/2012;01/01/2012;false;A
688;2;GERENCIADOR DE CHAMADOS;01/01/2012;01/01/2012;false;B
689;1;SISTEMA OPERACIONAL;01/01/2012;01/01/2012;true;B
690;4;CONTROLADOR DE RAMAIS;01/01/2012;01/01/2012;false;C
691;2;SISTEMA MONITORAMENTO DE SENSORES;01/01/2012;01/01/2012;true;A
692;3;CONTROLADOR DE CATRACAS;01/01/2012;01/01/2012;false;A
693;2;GERENCIADOR DE CHAMADOS;01/01/2012;01/01/2012;false;B
694;1;SISTEMA OPERACIONAL;01/01/2012;01/01/2012;true;B
695;4;CONTROLADOR DE RAMAIS;01/01/2012;01/01/2012;false;C
696;2;SISTEMA MONITORAMENTO DE SENSORES;01/01/2012;01/01/2012;true;A
697;3;CONTROLADOR DE CATRACAS;01/01/2012;01/01/2012;false;A
698;2;GERENCIADOR DE CHAMADOS;01/01/2012;01/01/2012;false;B
699;1;SISTEMA OPERACIONAL;01/01/2012;01/01/2012;true;B
700;4;CONTROLADOR DE RAMAIS;01/01/2012;01/01/2012;false;C
701;2;SISTEMA MONITORAMENTO DE SENSORES;01/01/2012;01/01/2012;true;A
702;3;CONTROLADOR DE CATRACAS;01/01/2012;01/01/2012;false;A
703;2;GERENCIADOR DE CHAMADOS;01/01/2012;01/01/2012;false;B
704;1;SISTEMA OPERACIONAL;01/01/2012;01/01/2012;true;B
705;4;CONTROLADOR DE RAMAIS;01/01/2012;01/01/2012;false;C
706;2;SISTEMA MONITORAMENTO DE SENSORES;01/01/2012;01/01/2012;true;A
707;3;CONTROLADOR DE CATRACAS;01/01/2012;01/01/2012;false;A
708;2;GERENCIADOR DE CHAMADOS;01/01/2012;01/01/2012;false;B
709;1;SISTEMA OPERACIONAL;01/01/2012;01/01/2012;true;B
710;4;CONTROLADOR DE RAMAIS;01/01/2012;01/01/2012;false;C
711;2;SISTEMA MONITORAMENTO DE SENSORES;01/01/2012;01/01/2012;true;A
712;3;CONTROLADOR DE CATRACAS;01/01/2012;01/01/2012;false;A
713;2;GERENCIADOR DE CHAMADOS;01/01/2012;01/01/2012;false;B
714;1;SISTEMA OPERACIONAL;01/01/2012;01/01/2012;true;B
715;4;CONTROLADOR DE RAMAIS;01/01/2012;01/01/2012;false;C
716;2;SISTEMA MONITORAMENTO DE SENSORES;01/01/2012;01/01/2012;true;A
717;3;CONTROLADOR DE CATRACAS;01/01/2012;01/01/2012;false;A
718;2;GERENCIADOR DE CHAMADOS;01/01/2012;01/01/2012;false;B
719;1;SISTEMA OPERACIONAL;01/01/2012;01/01/2012;true;B
720;4;CONTROLADOR DE RAMAIS;01/01/2012;01/01/2012;false;C
721;2;SISTEMA MONITORAMENTO DE SENSORES;01/01/2012;01/01/2012;true;A
722;3;CONTROLADOR DE CATRACAS;01/01/2012;01/01/2012;false;A
723;2;GERENCIADOR DE CHAMADOS;01/01/2012;01/01/2012;false;B
724;1;SISTEMA OPERACIONAL;01/01/2012;01/01/2012;true;B
725;4;CONTROLADOR DE RAMAIS;01/01/2012;01/01/2012;false;C
726;2;SISTEMA MONITORAMENTO DE SENSORES;01/01/2012;01/01/2012;true;A
727;3;CONTROLADOR DE CATRACAS;01/01/2012;01/01/2012;false;A
728;2;GERENCIADOR DE CHAMADOS;01/01/2012;01/01/2012;false;B
729;1;SISTEMA OPERACIONAL;01/01/2012;01/01/2012;true;B
730;4;CONTROLADOR DE RAMAIS;01/01/2012;01/01/2012;false;C
731;2;SISTEMA MONITORAMENTO DE SENSORES;01/01/2012;01/01/2012;true;A
732;3;CONTROLADOR DE CATRACAS;01/01/2012;01/01/2012;false;A
733;2;GERENCIADOR DE CHAMADOS;01/01/2012;01/01/2012;false;B
734;1;SISTEMA OPERACIONAL;01/01/2012;01/01/2012;true;B
735;4;CONTROLADOR DE RAMAIS;01/01/2012;01/01/2012;false;C
736;2;SISTEMA MONITORAMENTO DE SENSORES;01/01/2012;01/01/2012;true;A
737;3;CONTROLADOR DE CATRACAS;01/01/2012;01/01/2012;false;A
738;2;GERENCIADOR DE CHAMADOS;01/01/2012;01/01/2012;false;B
739;1;SISTEMA OPERACIONAL;01/01/2012;01/01/2012;true;B
740;4;CONTROLADOR DE RAMAIS;01/01/2012;01/01/2012;false;C
741;2;SISTEMA MONITORAMENTO DE SENSORES;01/01/2012;01/01/2012;true;A
742;3;CONTROLADOR DE CATRACAS;01/01/2012;01/01/2012;false;A
743;2;GERENCIADOR DE CHAMADOS;01/01/2012;01/01/2012;false;B
744;1;SISTEMA OPERACIONAL;01/01/2012;01/01/2012;true;B
745;4;CONTROLADOR DE RAMAIS;01/01/2012;01/01/2012;false;C
746;2;SISTEMA MONITORAMENTO DE SENSORES;01/01/2012;01/01/2012;true;A
747;3;CONTROLADOR DE CATRACAS;01/01/2012;01/01/2012;false;A
748;2;GERENCIADOR DE CHAMADOS;01/01/2012;01/01/2012;false;B
749;1;SISTEMA OPERACIONAL;01/01/2012;01/01/2012;true;B
750;4;CONTROLADOR DE RAMAIS;01/01/2012;01/01/2012;false;C
751;2;SISTEMA MONITORAMENTO DE SENSORES;01/01/2012;01/01/2012;true;A
752;3;CONTROLADOR DE CATRACAS;01/01/2012;01/01/2012;false;A
753;2;GERENCIADOR DE CHAMADOS;01/01/2012;01/01/2012;false;B
754;1;SISTEMA OPERACIONAL;01/01/2012;01/01/2012;true;B
755;4;CONTROLADOR DE RAMAIS;01/01/2012;01/01/2012;false;C
756;2;SISTEMA MONITORAMENTO DE SENSORES;01/01/2012;01/01/2012;true;A
757;3;CONTROLADOR DE CATRACAS;01/01/2012;01/01/2012;false;A
758;2;GERENCIADOR DE CHAMADOS;01/01/2012;01/01/2012;false;B
759;1;SISTEMA OPERACIONAL;01/01/2012;01/01/2012;true;B
760;4;CONTROLADOR DE RAMAIS;01/01/2012;01/01/2012;false;C
761;2;SISTEMA MONITORAMENTO DE SENSORES;01/01/2012;01/01/2012;true;A
762;3;CONTROLADOR DE CATRACAS;01/01/2012;01/01/2012;false;A
763;2;GERENCIADOR DE CHAMADOS;01/01/2012;01/01/2012;false;B
764;1;SISTEMA OPERACIONAL;01/01/2012;01/01/2012;true;B
765;4;CONTROLADOR DE RAMAIS;01/01/2012;01/01/2012;false;C
766;2;SISTEMA MONITORAMENTO DE SENSORES;01/01/2012;01/01/2012;true;A
767;3;CONTROLADOR DE CATRACAS;01/01/2012;01/01/2012;false;A
768;2;GERENCIADOR DE CHAMADOS;01/01/2012;01/01/2012;false;B
769;1;SISTEMA OPERACIONAL;01/01/2012;01/01/2012;true;B
770;4;CONTROLADOR DE RAMAIS;01/01/2012;01/01/2012;false;C
771;2;SISTEMA MONITORAMENTO DE SENSORES;01/01/2012;01/01/2012;true;A
772;3;CONTROLADOR DE CATRACAS;01/01/2012;01/01/2012;false;A
773;2;GERENCIADOR DE CHAMADOS;01/01/2012;01/01/2012;false;B
774;1;SISTEMA OPERACIONAL;01/01/2012;01/01/2012;true;B
775;4;CONTROLADOR DE RAMAIS;01/01/2012;01/01/2012;false;C
776;2;SISTEMA MONITORAMENTO DE SENSORES;01/01/2012;01/01/2012;true;A
777;3;CONTROLADOR DE CATRACAS;01/01/2012;01/01/2012;false;A
778;2;GERENCIADOR DE CHAMADOS;01/01/2012;01/01/2012;false;B
779;1;SISTEMA OPERACIONAL;01/01/2012;01/01/2012;true;B
780;4;CONTROLADOR DE RAMAIS;01/01/2012;01/01/2012;false;C
781;2;SISTEMA MONITORAMENTO DE SENSORES;01/01/2012;01/01/2012;true;A
782;3;CONTROLADOR DE CATRACAS;01/01/2012;01/01/2012;false;A
783;2;GERENCIADOR DE CHAMADOS;01/01/2012;01/01/2012;false;B
784;1;SISTEMA OPERACIONAL;01/01/2012;01/01/2012;true;B
785;4;CONTROLADOR DE RAMAIS;01/01/2012;01/01/2012;false;C
786;2;SISTEMA MONITORAMENTO DE SENSORES;01/01/2012;01/01/2012;true;A
787;3;CONTROLADOR DE CATRACAS;01/01/2012;01/01/2012;false;A
788;2;GERENCIADOR DE CHAMADOS;01/01/2012;01/01/2012;false;B
789;1;SISTEMA OPERACIONAL;01/01/2012;01/01/2012;true;B
790;4;CONTROLADOR DE RAMAIS;01/01/2012;01/01/2012;false;C
791;2;SISTEMA MONITORAMENTO DE SENSORES;01/01/2012;01/01/2012;true;A
792;3;CONTROLADOR DE CATRACAS;01/01/2012;01/01/2012;false;A
793;2;GERENCIADOR DE CHAMADOS;01/01/2012;01/01/2012;false;B
794;1;SISTEMA OPERACIONAL;01/01/2012;01/01/2012;true;B
795;4;CONTROLADOR DE RAMAIS;01/01/2012;01/01/2012;false;C
796;2;SISTEMA MONITORAMENTO DE SENSORES;01/01/2012;01/01/2012;true;A
797;3;CONTROLADOR DE CATRACAS;01/01/2012;01/01/2012;false;A
798;2;GERENCIADOR DE CHAMADOS;01/01/2012;01/01/2012;false;B
799;1;SISTEMA OPERACIONAL;01/01/2012;01/01/2012;true;B
800;4;CONTROLADOR DE RAMAIS;01/01/2012;01/01/2012;false;C
801;2;SISTEMA MONITORAMENTO DE SENSORES;01/01/2012;01/01/2012;true;A
802;3;CONTROLADOR DE CATRACAS;01/01/2012;01/01/2012;false;A
803;2;GERENCIADOR DE CHAMADOS;01/01/2012;01/01/2012;false;B
804;1;SISTEMA OPERACIONAL;01/01/2012;01/01/2012;true;B
805;4;CONTROLADOR DE RAMAIS;01/01/2012;01/01/2012;false;C
806;2;SISTEMA MONITORAMENTO DE SENSORES;01/01/2012;01/01/2012;true;A
807;3;CONTROLADOR DE CATRACAS;01/01/2012;01/01/2012;false;A
808;2;GERENCIADOR DE CHAMADOS;01/01/2012;01/01/2012;false;B
809;1;SISTEMA OPERACIONAL;01/01/2012;01/01/2012;true;B
810;4;CONTROLADOR DE RAMAIS;01/01/2012;01/01/2012;false;C
811;2;SISTEMA MONITORAMENTO DE SENSORES;01/01/2012;01/01/2012;true;A
812;3;CONTROLADOR DE CATRACAS;01/01/2012;01/01/2012;false;A
813;2;GERENCIADOR DE CHAMADOS;01/01/2012;01/01/2012;false;B
814;1;SISTEMA OPERACIONAL;01/01/2012;01/01/2012;true;B
815;4;CONTROLADOR DE RAMAIS;01/01/2012;01/01/2012;false;C
816;2;SISTEMA MONITORAMENTO DE SENSORES;01/01/2012;01/01/2012;true;A
817;3;CONTROLADOR DE CATRACAS;01/01/2012;01/01/2012;false;A
818;2;GERENCIADOR DE CHAMADOS;01/01/2012;01/01/2012;false;B
819;1;SISTEMA OPERACIONAL;01/01/2012;01/01/2012;true;B
820;4;CONTROLADOR DE RAMAIS;01/01/2012;01/01/2012;false;C
821;2;SISTEMA MONITORAMENTO DE SENSORES;01/01/2012;01/01/2012;true;A
822;3;CONTROLADOR DE CATRACAS;01/01/2012;01/01/2012;false;A
823;2;GERENCIADOR DE CHAMADOS;01/01/2012;01/01/2012;false;B
824;1;SISTEMA OPERACIONAL;01/01/2012;01/01/2012;true;B
825;4;CONTROLADOR DE RAMAIS;01/01/2012;01/01/2012;false;C
826;2;SISTEMA MONITORAMENTO DE SENSORES;01/01/2012;01/01/2012;true;A
827;3;CONTROLADOR DE CATRACAS;01/01/2012;01/01/2012;false;A
828;2;GERENCIADOR DE CHAMADOS;01/01/2012;01/01/2012;false;B
829;1;SISTEMA OPERACIONAL;01/01/2012;01/01/2012;true;B
830;4;CONTROLADOR DE RAMAIS;01/01/2012;01/01/2012;false;C
831;2;SISTEMA MONITORAMENTO DE SENSORES;01/01/2012;01/01/2012;true;A
832;3;CONTROLADOR DE CATRACAS;01/01/2012;01/01/2012;false;A
833;2;GERENCIADOR DE CHAMADOS;01/01/2012;01/01/2012;false;B
834;1;SISTEMA OPERACIONAL;01/01/2012;01/01/2012;true;B
835;4;CONTROLADOR DE RAMAIS;01/01/2012;01/01/2012;false;C
836;2;SISTEMA MONITORAMENTO DE SENSORES;01/01/2012;01/01/2012;true;A
837;3;CONTROLADOR DE CATRACAS;01/01/2012;01/01/2012;false;A
838;2;GERENCIADOR DE CHAMADOS;01/01/2012;01/01/2012;false;B
839;1;SISTEMA OPERACIONAL;01/01/2012;01/01/2012;true;B
840;4;CONTROLADOR DE RAMAIS;01/01/2012;01/01/2012;false;C
841;2;SISTEMA MONITORAMENTO DE SENSORES;01/01/2012;01/01/2012;true;A
842;3;CONTROLADOR DE CATRACAS;01/01/2012;01/01/2012;false;A
843;2;GERENCIADOR DE CHAMADOS;01/01/2012;01/01/2012;false;B
844;1;SISTEMA OPERACIONAL;01/01/2012;01/01/2012;true;B
845;4;CONTROLADOR DE RAMAIS;01/01/2012;01/01/2012;false;C
846;2;SISTEMA MONITORAMENTO DE SENSORES;01/01/2012;01/01/2012;true;A
847;3;CONTROLADOR DE CATRACAS;01/01/2012;01/01/2012;false;A
848;2;GERENCIADOR DE CHAMADOS;01/01/2012;01/01/2012;false;B
849;1;SISTEMA OPERACIONAL;01/01/2012;01/01/2012;true;B
850;4;CONTROLADOR DE RAMAIS;01/01/2012;01/01/2012;false;C
851;2;SISTEMA MONITORAMENTO DE SENSORES;01/01/2012;01/01/2012;true;A
852;3;CONTROLADOR DE CATRACAS;01/01/2012;01/01/2012;false;A
853;2;GERENCIADOR DE CHAMADOS;01/01/2012;01/01/2012;false;B
854;1;SISTEMA OPERACIONAL;01/01/2012;01/01/2012;true;B
855;4;CONTROLADOR DE RAMAIS;01/01/2012;01/01/2012;false;C
856;2;SISTEMA MONITORAMENTO DE SENSORES;01/01/2012;01/01/2012;true;A
857;3;CONTROLADOR DE CATRACAS;01/01/2012;01/01/2012;false;A
858;2;GERENCIADOR DE CHAMADOS;01/01/2012;01/01/2012;false;B
859;1;SISTEMA OPERACIONAL;01/01/2012;01/01/2012;true;B
860;4;CONTROLADOR DE RAMAIS;01/01/2012;01/01/2012;false;C
861;2;SISTEMA MONITORAMENTO DE SENSORES;01/01/2012;01/01/2012;true;A
862;3;CONTROLADOR DE CATRACAS;01/01/2012;01/01/2012;false;A
863;2;GERENCIADOR DE CHAMADOS;01/01/2012;01/01/2012;false;B
864;1;SISTEMA OPERACIONAL;01/01/2012;01/01/2012;true;B
865;4;CONTROLADOR DE RAMAIS;01/01/2012;01/01/2012;false;C
866;2;SISTEMA MONITORAMENTO DE SENSORES;01/01/2012;01/01/2012;true;A
867;3;CONTROLADOR DE CATRACAS;01/01/2012;01/01/2012;false;A
868;2;GERENCIADOR DE CHAMADOS;01/01/2012;01/01/2012;false;B
869;1;SISTEMA OPERACIONAL;01/01/2012;01/01/2012;true;B
870;4;CONTROLADOR DE RAMAIS;01/01/2012;01/01/2012;false;C
871;2;SISTEMA MONITORAMENTO DE SENSORES;01/01/2012;01/01/2012;true;A
872;3;CONTROLADOR DE CATRACAS;01/01/2012;01/01/2012;false;A
873;2;GERENCIADOR DE CHAMADOS;01/01/2012;01/01/2012;false;B
874;1;SISTEMA OPERACIONAL;01/01/2012;01/01/2012;true;B
875;4;CONTROLADOR DE RAMAIS;01/01/2012;01/01/2012;false;C
876;2;SISTEMA MONITORAMENTO DE SENSORES;01/01/2012;01/01/2012;true;A
877;3;CONTROLADOR DE CATRACAS;01/01/2012;01/01/2012;false;A
878;2;GERENCIADOR DE CHAMADOS;01/01/2012;01/01/2012;false;B
879;1;SISTEMA OPERACIONAL;01/01/2012;01/01/2012;true;B
880;4;CONTROLADOR DE RAMAIS;01/01/2012;01/01/2012;false;C
881;2;SISTEMA MONITORAMENTO DE SENSORES;01/01/2012;01/01/2012;true;A
882;3;CONTROLADOR DE CATRACAS;01/01/2012;01/01/2012;false;A
883;2;GERENCIADOR DE CHAMADOS;01/01/2012;01/01/2012;false;B
884;1;SISTEMA OPERACIONAL;01/01/2012;01/01/2012;true;B
885;4;CONTROLADOR DE RAMAIS;01/01/2012;01/01/2012;false;C
886;2;SISTEMA MONITORAMENTO DE SENSORES;01/01/2012;01/01/2012;true;A
887;3;CONTROLADOR DE CATRACAS;01/01/2012;01/01/2012;false;A
888;2;GERENCIADOR DE CHAMADOS;01/01/2012;01/01/2012;false;B
889;1;SISTEMA OPERACIONAL;01/01/2012;01/01/2012;true;B
890;4;CONTROLADOR DE RAMAIS;01/01/2012;01/01/2012;false;C
891;2;SISTEMA MONITORAMENTO DE SENSORES;01/01/2012;01/01/2012;true;A
892;3;CONTROLADOR DE CATRACAS;01/01/2012;01/01/2012;false;A
893;2;GERENCIADOR DE CHAMADOS;01/01/2012;01/01/2012;false;B
894;1;SISTEMA OPERACIONAL;01/01/2012;01/01/2012;true;B
895;4;CONTROLADOR DE RAMAIS;01/01/2012;01/01/2012;false;C
896;2;SISTEMA MONITORAMENTO DE SENSORES;01/01/2012;01/01/2012;true;A
897;3;CONTROLADOR DE CATRACAS;01/01/2012;01/01/2012;false;A
898;2;GERENCIADOR DE CHAMADOS;01/01/2012;01/01/2012;false;B
899;1;SISTEMA OPERACIONAL;01/01/2012;01/01/2012;true;B
900;4;CONTROLADOR DE RAMAIS;01/01/2012;01/01/2012;false;C
901;2;SISTEMA MONITORAMENTO DE SENSORES;01/01/2012;01/01/2012;true;A
902;3;CONTROLADOR DE CATRACAS;01/01/2012;01/01/2012;false;A
903;2;GERENCIADOR DE CHAMADOS;01/01/2012;01/01/2012;false;B
904;1;SISTEMA OPERACIONAL;01/01/2012;01/01/2012;true;B
905;4;CONTROLADOR DE RAMAIS;01/01/2012;01/01/2012;false;C
906;2;SISTEMA MONITORAMENTO DE SENSORES;01/01/2012;01/01/2012;true;A
907;3;CONTROLADOR DE CATRACAS;01/01/2012;01/01/2012;false;A
908;2;GERENCIADOR DE CHAMADOS;01/01/2012;01/01/2012;false;B
909;1;SISTEMA OPERACIONAL;01/01/2012;01/01/2012;true;B
910;4;CONTROLADOR DE RAMAIS;01/01/2012;01/01/2012;false;C
911;2;SISTEMA MONITORAMENTO DE SENSORES;01/01/2012;01/01/2012;true;A
912;3;CONTROLADOR DE CATRACAS;01/01/2012;01/01/2012;false;A
913;2;GERENCIADOR DE CHAMADOS;01/01/2012;01/01/2012;false;B
914;1;SISTEMA OPERACIONAL;01/01/2012;01/01/2012;true;B
915;4;CONTROLADOR DE RAMAIS;01/01/2012;01/01/2012;false;C
916;2;SISTEMA MONITORAMENTO DE SENSORES;01/01/2012;01/01/2012;true;A
917;3;CONTROLADOR DE CATRACAS;01/01/2012;01/01/2012;false;A
918;2;GERENCIADOR DE CHAMADOS;01/01/2012;01/01/2012;false;B
919;1;SISTEMA OPERACIONAL;01/01/2012;01/01/2012;true;B
920;4;CONTROLADOR DE RAMAIS;01/01/2012;01/01/2012;false;C
921;2;SISTEMA MONITORAMENTO DE SENSORES;01/01/2012;01/01/2012;true;A
922;3;CONTROLADOR DE CATRACAS;01/01/2012;01/01/2012;false;A
923;2;GERENCIADOR DE CHAMADOS;01/01/2012;01/01/2012;false;B
924;1;SISTEMA OPERACIONAL;01/01/2012;01/01/2012;true;B
925;4;CONTROLADOR DE RAMAIS;01/01/2012;01/01/2012;false;C
926;2;SISTEMA MONITORAMENTO DE SENSORES;01/01/2012;01/01/2012;true;A
927;3;CONTROLADOR DE CATRACAS;01/01/2012;01/01/2012;false;A
928;2;GERENCIADOR DE CHAMADOS;01/01/2012;01/01/2012;false;B
929;1;SISTEMA OPERACIONAL;01/01/2012;01/01/2012;true;B
930;4;CONTROLADOR DE RAMAIS;01/01/2012;01/01/2012;false;C
931;2;SISTEMA MONITORAMENTO DE SENSORES;01/01/2012;01/01/2012;true;A
932;3;CONTROLADOR DE CATRACAS;01/01/2012;01/01/2012;false;A
933;2;GERENCIADOR DE CHAMADOS;01/01/2012;01/01/2012;false;B
934;1;SISTEMA OPERACIONAL;01/01/2012;01/01/2012;true;B
935;4;CONTROLADOR DE RAMAIS;01/01/2012;01/01/2012;false;C
936;2;SISTEMA MONITORAMENTO DE SENSORES;01/01/2012;01/01/2012;true;A
937;3;CONTROLADOR DE CATRACAS;01/01/2012;01/01/2012;false;A
938;2;GERENCIADOR DE CHAMADOS;01/01/2012;01/01/2012;false;B
939;1;SISTEMA OPERACIONAL;01/01/2012;01/01/2012;true;B
940;4;CONTROLADOR DE RAMAIS;01/01/2012;01/01/2012;false;C
941;2;SISTEMA MONITORAMENTO DE SENSORES;01/01/2012;01/01/2012;true;A
942;3;CONTROLADOR DE CATRACAS;01/01/2012;01/01/2012;false;A
943;2;GERENCIADOR DE CHAMADOS;01/01/2012;01/01/2012;false;B
944;1;SISTEMA OPERACIONAL;01/01/2012;01/01/2012;true;B
945;4;CONTROLADOR DE RAMAIS;01/01/2012;01/01/2012;false;C
946;2;SISTEMA MONITORAMENTO DE SENSORES;01/01/2012;01/01/2012;true;A
947;3;CONTROLADOR DE CATRACAS;01/01/2012;01/01/2012;false;A
948;2;GERENCIADOR DE CHAMADOS;01/01/2012;01/01/2012;false;B
949;1;SISTEMA OPERACIONAL;01/01/2012;01/01/2012;true;B
950;4;CONTROLADOR DE RAMAIS;01/01/2012;01/01/2012;false;C
951;2;SISTEMA MONITORAMENTO DE SENSORES;01/01/2012;01/01/2012;true;A
952;3;CONTROLADOR DE CATRACAS;01/01/2012;01/01/2012;false;A
953;2;GERENCIADOR DE CHAMADOS;01/01/2012;01/01/2012;false;B
954;1;SISTEMA OPERACIONAL;01/01/2012;01/01/2012;true;B
955;4;CONTROLADOR DE RAMAIS;01/01/2012;01/01/2012;false;C
956;2;SISTEMA MONITORAMENTO DE SENSORES;01/01/2012;01/01/2012;true;A
957;3;CONTROLADOR DE CATRACAS;01/01/2012;01/01/2012;false;A
958;2;GERENCIADOR DE CHAMADOS;01/01/2012;01/01/2012;false;B
959;1;SISTEMA OPERACIONAL;01/01/2012;01/01/2012;true;B
960;4;CONTROLADOR DE RAMAIS;01/01/2012;01/01/2012;false;C
961;2;GERENCIADOR DE CHAMADOS;01/01/2012;01/01/2012;false;B
962;1;SISTEMA OPERACIONAL;01/01/2012;01/01/2012;true;B
963;4;CONTROLADOR DE RAMAIS;01/01/2012;01/01/2012;false;C
964;2;SISTEMA MONITORAMENTO DE SENSORES;01/01/2012;01/01/2012;true;A
965;3;CONTROLADOR DE CATRACAS;01/01/2012;01/01/2012;false;A
966;2;GERENCIADOR DE CHAMADOS;01/01/2012;01/01/2012;false;B
967;1;SISTEMA OPERACIONAL;01/01/2012;01/01/2012;true;B
968;4;CONTROLADOR DE RAMAIS;01/01/2012;01/01/2012;false;C
969;2;SISTEMA MONITORAMENTO DE SENSORES;01/01/2012;01/01/2012;true;A
970;3;CONTROLADOR DE CATRACAS;01/01/2012;01/01/2012;false;A
971;2;GERENCIADOR DE CHAMADOS;01/01/2012;01/01/2012;false;B
972;1;SISTEMA OPERACIONAL;01/01/2012;01/01/2012;true;B
973;4;CONTROLADOR DE RAMAIS;01/01/2012;01/01/2012;false;C
974;2;SISTEMA MONITORAMENTO DE SENSORES;01/01/2012;01/01/2012;true;A
975;3;CONTROLADOR DE CATRACAS;01/01/2012;01/01/2012;false;A
976;2;GERENCIADOR DE CHAMADOS;01/01/2012;01/01/2012;false;B
977;1;SISTEMA OPERACIONAL;01/01/2012;01/01/2012;true;B
978;4;CONTROLADOR DE RAMAIS;01/01/2012;01/01/2012;false;C
979;2;SISTEMA MONITORAMENTO DE SENSORES;01/01/2012;01/01/2012;true;A
980;3;CONTROLADOR DE CATRACAS;01/01/2012;01/01/2012;false;A
981;2;GERENCIADOR DE CHAMADOS;01/01/2012;01/01/2012;false;B
982;1;SISTEMA OPERACIONAL;01/01/2012;01/01/2012;true;B
983;4;CONTROLADOR DE RAMAIS;01/01/2012;01/01/2012;false;C
984;2;GERENCIADOR DE CHAMADOS;01/01/2012;01/01/2012;false;B
985;1;SISTEMA OPERACIONAL;01/01/2012;01/01/2012;true;B
986;4;CONTROLADOR DE RAMAIS;01/01/2012;01/01/2012;false;C
987;2;SISTEMA MONITORAMENTO DE SENSORES;01/01/2012;01/01/2012;true;A
988;3;CONTROLADOR DE CATRACAS;01/01/2012;01/01/2012;false;A
989;2;GERENCIADOR DE CHAMADOS;01/01/2012;01/01/2012;false;B
990;1;SISTEMA OPERACIONAL;01/01/2012;01/01/2012;true;B
991;4;CONTROLADOR DE RAMAIS;01/01/2012;01/01/2012;false;C
992;2;SISTEMA MONITORAMENTO DE SENSORES;01/01/2012;01/01/2012;true;A
993;3;CONTROLADOR DE CATRACAS;01/01/2012;01/01/2012;false;A
994;2;GERENCIADOR DE CHAMADOS;01/01/2012;01/01/2012;false;B
995;1;SISTEMA OPERACIONAL;01/01/2012;01/01/2012;true;B
996;4;CONTROLADOR DE RAMAIS;01/01/2012;01/01/2012;false;C
997;2;SISTEMA MONITORAMENTO DE SENSORES;01/01/2012;01/01/2012;true;A
998;3;CONTROLADOR DE CATRACAS;01/01/2012;01/01/2012;false;A
999;2;GERENCIADOR DE CHAMADOS;01/01/2012;01/01/2012;false;B
1000;1;SISTEMA OPERACIONAL;01/01/2012;01/01/2012;true;B
1001;4;CONTROLADOR DE RAMAIS;01/01/2012;01/01/2012;false;C
1002;4;CONTROLADOR DE RAMAIS;01/01/2012;01/01/2012;false;C
1003;4;CONTROLADOR DE RAMAIS;01/01/2012;01/01/2012;false;C
1004;4;CONTROLADOR DE RAMAIS;01/01/2012;01/01/2012;false;C
1005;4;CONTROLADOR DE RAMAIS;01/01/2012;01/01/2012;false;C
1006;4;CONTROLADOR DE RAMAIS;01/01/2012;01/01/2012;false;Z
1007;4;CONTROLADOR DE RAMAIS;01/01/2012;01/01/2012;false;Z
1008;4;CONTROLADOR DE RAMAIS;01/01/2012;01/01/2012;false;Z
1009;4;CONTROLADOR DE RAMAIS;01/01/2012;01/01/2012;false;Z
1010;4;CONTROLADOR DE RAMAIS;01/01/2012;01/01/2012;false;Z
